﻿<?xml version="1.0" encoding="utf-8"?>
<ModMetaData>
  <name>Real Faction Guest</name>
  <author>YAYO</author>
  <supportedVersions>
    <li>1.2</li>
    <li>1.3</li>
  </supportedVersions>
  <packageId>com.yayo.raceQuestPawn</packageId>
  <modDependencies>
    <li>
      <packageId>brrainz.harmony</packageId>
      <displayName>Harmony</displayName>
      <steamWorkshopUrl>steam://url/CommunityFilePage/2009463077</steamWorkshopUrl>
      <downloadUrl>https://github.com/pardeike/HarmonyRimWorld/releases/latest</downloadUrl>
    </li>
  </modDependencies>
  <description>Factions added as mods appear in various events and quests.</description>
</ModMetaData>